Plot_ID,Row,ID,Raceme_ID,No_Floral_Units,Plant_Species,Subplot_Type,Volume_Absolute,Concentration_Absolute,Concentration_AverageBlanks,Sugar_Absolute
41,6,100,46,2,Lathyrus,Roofed,7.21875,0.47060172,0.47060172,3.397156166
41,6,101,46,2,Lathyrus,Roofed,7.1875,0.331685964,0.331685964,2.383992866
42,6,109,49,3,Lathyrus,Control,5.625,0.376630584,0.376630584,2.118547035
36,6,526,281,2,Lathyrus,Control,3.828125,0.47060172,0.47060172,1.801522209
36,6,240,119,2,Lathyrus,Roofed,6.875,0.23376176,0.23376176,1.6071121
36,6,523,279,2,Lathyrus,Drought,3.4375,0.463703219,0.463703219,1.593979815
42,6,585,308,1,Lathyrus,Roofed,2.5,0.622450022,0.622450022,1.556125054
41,6,103,47,4,Lathyrus,Control,2.34375,0.570320654,0.570320654,1.336689033
41,6,102,47,4,Lathyrus,Control,2.5,0.484486832,0.484486832,1.21121708
41,6,873,448,2,Lathyrus,Roofed,1.875,0.498490314,0.498490314,0.934669339
36,6,241,119,2,Lathyrus,Roofed,2.8125,0.288040922,0.288040922,0.810115093
36,6,627,328,3,Lathyrus,Roofed,2.34375,0.33802599,0.33802599,0.792248414
41,6,104,47,4,Lathyrus,Control,1.40625,0.52685666,0.52685666,0.740892178
36,6,236,117,4,Lathyrus,Control,2.109375,0.32537246,0.32537246,0.686332533
36,6,644,341,2,Lathyrus,Drought,1.5625,0.429645924,0.429645924,0.671321756
36,6,524,280,2,Lathyrus,Drought,2.03125,0.288040922,0.288040922,0.585083123
36,6,643,341,2,Lathyrus,Drought,0.953125,0.484486832,0.484486832,0.461776512
42,6,257,133,2,Lathyrus,Control,1.40625,0.32537246,0.32537246,0.457555022
36,6,521,278,3,Lathyrus,Roofed,1.5625,0.2758032,0.2758032,0.4309425
42,6,256,133,2,Lathyrus,Control,1.328125,0.306589745,0.306589745,0.407189505
42,6,106,48,2,Lathyrus,Roofed,1.640625,0.221971397,0.221971397,0.364171822
42,6,594,312,1,Lathyrus,Roofed,0.78125,0.45683391,0.45683391,0.356901492
36,6,628,329,2,Lathyrus,Drought,1.25,0.26366676,0.26366676,0.32958345
36,6,692,369,4,Lathyrus,Roofed,1.5625,0.20446641,0.20446641,0.319478766
41,6,254,131,3,Prunella,Control,0.515625,0.54122166,0.54122166,0.279067418
39,6,243,124,10,Prunella,Drought,0.703125,0.396301742,0.396301742,0.278649662
36,6,82,35,1,Lathyrus,Roofed,1.125,0.245649668,0.245649668,0.276355876
39,6,245,124,10,Prunella,Drought,0.390625,0.607397274,0.607397274,0.23726456
36,6,238,118,4,Lathyrus,Drought,0.9375,0.251630534,0.251630534,0.235903626
42,6,587,309,9,Prunella,Drought,0.828125,0.2758032,0.2758032,0.228399525
41,6,620,325,6,Prunella,Drought,0.953125,0.23376176,0.23376176,0.222804178
42,6,588,309,9,Prunella,Drought,0.34375,0.645270444,0.645270444,0.221811715
41,6,253,131,3,Prunella,Control,0.375,0.585056784,0.585056784,0.219396294
36,6,237,118,4,Lathyrus,Drought,0.46875,0.45683391,0.45683391,0.214140895
39,6,244,124,10,Prunella,Drought,0.5625,0.376630584,0.376630584,0.211854704
40,6,609,321,5,Onobrychis,Roofed,0.328125,0.645270444,0.645270444,0.211729364
39,6,248,125,4,Prunella,Roofed,0.578125,0.33802599,0.33802599,0.195421275
41,6,874,448,2,Lathyrus,Roofed,0.46875,0.416223612,0.416223612,0.195104818
36,6,235,117,4,Lathyrus,Control,0.625,0.300380994,0.300380994,0.187738121
36,6,693,369,4,Lathyrus,Roofed,0.9375,0.18717489,0.18717489,0.175476459
40,6,610,321,5,Onobrychis,Roofed,0.3515625,0.484486832,0.484486832,0.170327402
39,6,904,463,17,Prunella,Drought,0.5,0.312824484,0.312824484,0.156412242
39,6,247,125,4,Prunella,Roofed,0.296875,0.52685666,0.52685666,0.156410571
36,6,689,368,10,Prunella,Drought,0.40625,0.383160002,0.383160002,0.155658751
41,6,252,131,3,Prunella,Control,0.375,NA,0.4099,0.1537125
41,6,619,325,6,Prunella,Drought,0.5625,0.269722387,0.269722387,0.151718842
42,6,107,49,3,Lathyrus,Control,0.625,0.221971397,0.221971397,0.138732123
36,6,234,117,4,Lathyrus,Control,0.234375,0.548450084,0.548450084,0.128542988
40,6,611,321,5,Onobrychis,Roofed,0.34375,0.350786142,0.350786142,0.120582736
38,6,92,39,2,Onobrychis,Drought,0.296875,0.38971701,0.38971701,0.115697237
41,6,250,130,3,Prunella,Drought,0.28125,NA,0.4099,0.115284375
38,6,86,37,3,Onobrychis,Roofed,0.234375,0.484486832,0.484486832,0.113551601
36,6,690,368,10,Prunella,Drought,0.28125,0.383160002,0.383160002,0.107763751
40,6,95,44,2,Lathyrus,Roofed,0.46875,0.21611246,0.21611246,0.101302716
39,6,622,327,9,Onobrychis,Control,0.15625,0.645270444,0.645270444,0.100823507
36,6,694,369,4,Lathyrus,Roofed,0.46875,0.20446641,0.20446641,0.09584363
37,6,651,344,13,Onobrychis,Roofed,0.15625,0.59991876,0.59991876,0.093737306
37,6,652,344,13,Onobrychis,Roofed,0.15625,0.59991876,0.59991876,0.093737306
41,6,251,130,3,Prunella,Drought,0.21875,NA,0.4099,0.089665625
42,6,586,309,9,Prunella,Drought,0.328125,0.26366676,0.26366676,0.086515656
36,6,625,328,3,Lathyrus,Roofed,0.46875,0.181457864,0.181457864,0.085058374
38,6,88,37,3,Onobrychis,Roofed,0.1875,0.44999366,0.44999366,0.084373811
39,6,246,125,4,Prunella,Roofed,0.203125,NA,0.4099,0.083260938
40,6,660,349,1,Onobrychis,Drought,0.453125,0.181457864,0.181457864,0.082223095
36,6,691,368,10,Prunella,Drought,0.25,0.300380994,0.300380994,0.075095249
39,6,624,327,9,Onobrychis,Control,0.125,0.59991876,0.59991876,0.074989845
36,6,83,36,5,Lathyrus,Control,0.34375,0.21611246,0.21611246,0.074288658
41,6,249,130,3,Prunella,Drought,0.171875,NA,0.4099,0.070451563
37,6,649,343,2,Onobrychis,Drought,0.1015625,0.645270444,0.645270444,0.065535279
39,6,613,322,6,Onobrychis,Roofed,0.203125,0.312824484,0.312824484,0.063542473
36,6,520,278,3,Lathyrus,Roofed,0.15625,NA,0.3729,0.058265625
39,6,905,463,17,Prunella,Drought,0.21875,0.251630534,0.251630534,0.055044179
39,6,655,347,4,Onobrychis,Drought,0.109375,NA,0.4623,0.050564063
42,6,593,311,2,Onobrychis,Roofed,0.1015625,0.45683391,0.45683391,0.046397194
37,6,648,343,2,Onobrychis,Drought,0.0703125,0.645270444,0.645270444,0.045370578
38,6,653,345,1,Prunella,Roofed,0.09375,0.463703219,0.463703219,0.043472177
39,6,768,403,9,Onobrychis,Roofed,0.09375,NA,0.4623,0.043340625
40,6,657,348,7,Onobrychis,Control,0.078125,0.512613234,0.512613234,0.040047909
38,6,93,39,2,Onobrychis,Drought,0.078125,0.505536778,0.505536778,0.039495061
42,6,592,311,2,Onobrychis,Roofed,0.0859375,0.45683391,0.45683391,0.039259164
39,6,654,347,4,Onobrychis,Drought,0.078125,NA,0.4623,0.036117188
39,6,623,327,9,Onobrychis,Control,0.0546875,0.645270444,0.645270444,0.035288227
38,6,89,38,7,Onobrychis,Control,0.0703125,NA,0.4623,0.032505469
40,6,658,348,7,Onobrychis,Control,0.0625,0.512613234,0.512613234,0.032038327
39,6,614,322,6,Onobrychis,Roofed,0.09375,0.312824484,0.312824484,0.029327295
41,6,621,325,6,Prunella,Drought,0.0625,NA,0.4099,0.02561875
39,6,769,403,9,Onobrychis,Roofed,0.046875,NA,0.4623,0.021670313
39,6,771,404,5,Onobrychis,Drought,0.046875,NA,0.4623,0.021670313
38,6,87,37,3,Onobrychis,Roofed,0.15625,0.131031913,0.131031913,0.020473736
39,6,656,347,4,Onobrychis,Drought,0.03125,NA,0.4623,0.014446875
39,6,770,403,9,Onobrychis,Roofed,0.03125,NA,0.4623,0.014446875
39,6,906,463,17,Prunella,Drought,0.03125,NA,0.4099,0.012809375
38,6,90,38,7,Onobrychis,Control,0.0234375,NA,0.4623,0.010835156
37,6,650,344,13,Onobrychis,Roofed,0.015625,0.59991876,0.59991876,0.009373731
40,6,659,348,7,Onobrychis,Control,0.015625,0.512613234,0.512613234,0.008009582
42,6,589,310,3,Onobrychis,Control,0.0625,0.125540724,0.125540724,0.007846295
38,6,91,38,7,Onobrychis,Control,0.015625,NA,0.4623,0.007223438
38,6,646,342,6,Onobrychis,Control,0.015625,NA,0.4623,0.007223438
39,6,765,402,3,Onobrychis,Drought,0.015625,NA,0.4623,0.007223438
42,6,591,310,3,Onobrychis,Control,0.0390625,0.125540724,0.125540724,0.004903935
39,6,612,322,6,Onobrychis,Roofed,0.015625,0.312824484,0.312824484,0.004887883
33,5,465,241,5,Lathyrus,Control,4.0625,0.350786142,0.350786142,1.425068702
32,5,347,180,3,Lathyrus,Control,3.4375,0.38971701,0.38971701,1.339652222
30,5,342,178,3,Lathyrus,Control,2.1875,0.505536778,0.505536778,1.105861701
34,5,365,192,2,Lathyrus,Control,2.96875,0.370128623,0.370128623,1.098819348
32,5,353,183,1,Lathyrus,Control,3.28125,0.331685964,0.331685964,1.088344569
30,5,344,178,3,Lathyrus,Control,2.34375,0.44999366,0.44999366,1.054672639
34,5,335,172,4,Lathyrus,Control,2.8125,NA,0.3729,1.04878125
32,5,346,180,3,Lathyrus,Control,2.65625,0.370128623,0.370128623,0.983154154
34,5,339,175,1,Lathyrus,Drought,4.765625,0.20446641,0.20446641,0.974410235
30,5,343,178,3,Lathyrus,Control,1.875,0.484486832,0.484486832,0.90841281
34,5,332,171,1,Lathyrus,Drought,3.125,0.26366676,0.26366676,0.823958625
34,5,336,174,5,Lathyrus,Control,1.09375,0.637631285,0.637631285,0.697409218
34,5,362,191,2,Lathyrus,Drought,1.875,0.363653984,0.363653984,0.68185122
34,5,565,299,1,Lathyrus,Drought,1.484375,0.45683391,0.45683391,0.678112835
32,5,322,166,3,Lathyrus,Drought,3.203125,0.210277509,0.210277509,0.673545146
34,5,899,460,3,Lathyrus,Drought,3.125,0.192915234,0.192915234,0.602860106
34,5,364,192,2,Lathyrus,Control,2.34375,0.251630534,0.251630534,0.589759064
33,5,479,251,1,Lathyrus,Control,1.875,0.312824484,0.312824484,0.586545908
32,5,348,180,3,Lathyrus,Control,2.8125,0.18717489,0.18717489,0.526429378
32,5,149,79,1,Prunella,Control,1.6875,0.300380994,0.300380994,0.506892927
32,5,352,182,4,Lathyrus,Drought,1.25,0.383160002,0.383160002,0.478950003
34,5,871,446,1,Lathyrus,Roofed,1.25,0.350786142,0.350786142,0.438482678
32,5,345,179,1,Lathyrus,Roofed,1.09375,NA,0.3729,0.407859375
35,5,569,302,3,Onobrychis,Roofed,0.671875,0.512613234,0.512613234,0.344412017
35,5,369,195,2,Prunella,Control,0.625,0.534023897,0.534023897,0.333764935
35,5,760,398,6,Onobrychis,Drought,0.734375,0.429645924,0.429645924,0.315521225
30,5,341,177,2,Prunella,Roofed,0.875,0.357206535,0.357206535,0.312555718
34,5,164,85,7,Prunella,Roofed,0.75,NA,0.4099,0.307425
33,5,467,241,5,Lathyrus,Control,0.78125,0.376630584,0.376630584,0.294242644
34,5,902,461,1,Lathyrus,Control,1.71875,0.15882027,0.15882027,0.272972339
35,5,579,306,6,Onobrychis,Roofed,0.4296875,0.630024522,0.630024522,0.270713662
34,5,595,313,6,Prunella,Roofed,1,0.26366676,0.26366676,0.26366676
33,5,357,186,10,Prunella,Control,0.890625,0.288040922,0.288040922,0.256536446
30,5,340,177,2,Prunella,Roofed,0.46875,0.534023897,0.534023897,0.250323701
35,5,577,305,7,Onobrychis,Control,0.3984375,0.59991876,0.59991876,0.239030131
33,5,358,186,10,Prunella,Control,0.875,0.269722387,0.269722387,0.236007088
32,5,351,182,4,Lathyrus,Drought,0.625,NA,0.3729,0.2330625
33,5,356,186,10,Prunella,Control,0.53125,0.4363998,0.4363998,0.231837394
35,5,580,306,6,Onobrychis,Roofed,0.3671875,0.622450022,0.622450022,0.228555867
34,5,597,313,6,Prunella,Roofed,0.78125,0.269722387,0.269722387,0.210720614
33,5,359,187,9,Prunella,Drought,0.34375,0.59991876,0.59991876,0.206222074
32,5,323,166,3,Lathyrus,Drought,0.78125,0.26366676,0.26366676,0.205989656
32,5,324,166,3,Lathyrus,Drought,0.546875,0.376630584,0.376630584,0.205969851
35,5,833,429,2,Onobrychis,Drought,0.4375,0.463703219,0.463703219,0.202870158
29,5,777,406,4,Onobrychis,Control,0.328125,0.61490765,0.61490765,0.201766573
34,5,762,399,2,Onobrychis,Roofed,0.296875,0.630024522,0.630024522,0.18703853
35,5,366,194,10,Prunella,Roofed,0.40625,0.45683391,0.45683391,0.185588776
35,5,368,194,10,Prunella,Roofed,0.296875,0.61490765,0.61490765,0.182550709
33,5,462,240,6,Prunella,Roofed,0.28125,0.645270444,0.645270444,0.181482312
34,5,165,86,10,Prunella,Control,0.390625,0.44999366,0.44999366,0.175778773
32,5,350,182,4,Lathyrus,Drought,0.46875,NA,0.3729,0.174796875
34,5,166,86,10,Prunella,Control,0.5,0.344392672,0.344392672,0.172196336
33,5,464,240,6,Prunella,Roofed,0.25,0.645270444,0.645270444,0.161317611
35,5,142,76,4,Onobrychis,Control,0.421875,0.376630584,0.376630584,0.158891028
33,5,360,187,9,Prunella,Drought,0.375,NA,0.4099,0.1537125
34,5,596,313,6,Prunella,Roofed,0.609375,0.251630534,0.251630534,0.153337357
33,5,463,240,6,Prunella,Roofed,0.234375,0.645270444,0.645270444,0.15123526
32,5,830,427,7,Onobrychis,Control,0.28125,0.52685666,0.52685666,0.148178436
35,5,571,302,3,Onobrychis,Roofed,0.2890625,0.505536778,0.505536778,0.146131725
35,5,576,305,7,Onobrychis,Control,0.2734375,0.519719817,0.519719817,0.142110887
32,5,829,427,7,Onobrychis,Control,0.265625,0.534023897,0.534023897,0.141850098
33,5,153,81,7,Prunella,Control,0.5625,0.251630534,0.251630534,0.141542175
35,5,138,75,5,Onobrychis,Drought,0.234375,0.577673055,0.577673055,0.135392122
35,5,759,398,6,Onobrychis,Drought,0.265625,0.498490314,0.498490314,0.13241149
29,5,783,408,4,Onobrychis,Roofed,0.203125,0.645270444,0.645270444,0.131070559
34,5,566,300,8,Prunella,Control,0.25,0.519719817,0.519719817,0.129929954
35,5,172,88,4,Onobrychis,Roofed,0.34375,0.376630584,0.376630584,0.129466763
33,5,327,168,7,Prunella,Control,0.203125,0.630024522,0.630024522,0.127973731
35,5,581,306,6,Onobrychis,Roofed,0.296875,0.429645924,0.429645924,0.127551134
33,5,157,82,5,Prunella,Roofed,0.296875,0.370128623,0.370128623,0.109881935
35,5,837,431,2,Onobrychis,Control,0.1875,0.585056784,0.585056784,0.109698147
32,5,828,427,7,Onobrychis,Control,0.203125,0.534023897,0.534023897,0.108473604
34,5,763,399,2,Onobrychis,Roofed,0.171875,0.630024522,0.630024522,0.108285465
32,5,150,80,4,Prunella,Drought,0.375,0.288040922,0.288040922,0.108015346
35,5,170,87,10,Onobrychis,Control,0.265625,0.40291433,0.40291433,0.107024119
33,5,159,83,7,Prunella,Drought,0.453125,0.23376176,0.23376176,0.105923298
33,5,326,168,7,Prunella,Control,0.171875,0.61490765,0.61490765,0.105687252
35,5,370,195,2,Prunella,Control,0.25,NA,0.4099,0.102475
29,5,781,407,9,Onobrychis,Control,0.171875,0.585056784,0.585056784,0.100556635
34,5,764,401,1,Onobrychis,Drought,0.203125,NA,0.4623,0.093904688
35,5,838,431,2,Onobrychis,Control,0.15625,0.585056784,0.585056784,0.091415123
32,5,148,78,6,Prunella,Roofed,0.375,0.23376176,0.23376176,0.08766066
35,5,616,324,8,Onobrychis,Drought,0.15625,0.534023897,0.534023897,0.083441234
34,5,901,460,3,Lathyrus,Drought,1.25,0.066550348,0.066550348,0.083187934
35,5,582,307,7,Onobrychis,Drought,0.1796875,NA,0.4623,0.083069531
30,5,820,422,6,Onobrychis,Control,0.125,0.645270444,0.645270444,0.080658806
34,5,338,174,5,Lathyrus,Control,0.15625,0.512613234,0.512613234,0.080095818
35,5,174,89,2,Onobrychis,Drought,0.15625,0.505536778,0.505536778,0.078990121
30,5,817,421,4,Onobrychis,Control,0.125,0.607397274,0.607397274,0.075924659
29,5,774,405,3,Onobrychis,Control,0.1171875,0.607397274,0.607397274,0.071179368
35,5,570,302,3,Onobrychis,Roofed,0.265625,0.26366676,0.26366676,0.070036483
34,5,562,298,3,Prunella,Roofed,0.28125,0.245649668,0.245649668,0.069088969
35,5,169,87,10,Onobrychis,Control,0.140625,NA,0.4623,0.065010938
32,5,831,428,1,Onobrychis,Control,0.140625,NA,0.4623,0.065010938
33,5,361,187,9,Prunella,Drought,0.15625,NA,0.4099,0.064046875
35,5,617,324,8,Onobrychis,Drought,0.1171875,0.534023897,0.534023897,0.062580925
29,5,778,406,4,Onobrychis,Control,0.109375,0.570320654,0.570320654,0.062378822
30,5,816,421,4,Onobrychis,Control,0.1015625,0.607397274,0.607397274,0.061688786
35,5,141,76,4,Onobrychis,Control,0.171875,0.350786142,0.350786142,0.060291368
35,5,367,194,10,Prunella,Roofed,0.125,0.47060172,0.47060172,0.058825215
34,5,363,191,2,Lathyrus,Drought,0.15625,NA,0.3729,0.058265625
32,5,826,425,2,Onobrychis,Drought,0.125,NA,0.4623,0.0577875
32,5,146,78,6,Prunella,Roofed,0.25,0.227854452,0.227854452,0.056963613
35,5,171,88,4,Onobrychis,Roofed,0.234375,0.239693454,0.239693454,0.056178153
32,5,823,424,3,Onobrychis,Roofed,0.125,0.429645924,0.429645924,0.053705741
32,5,152,80,4,Prunella,Drought,0.125,NA,0.4099,0.0512375
33,5,156,82,5,Prunella,Roofed,0.125,NA,0.4099,0.0512375
34,5,167,86,10,Prunella,Control,0.125,NA,0.4099,0.0512375
29,5,782,407,9,Onobrychis,Control,0.078125,0.585056784,0.585056784,0.045707561
33,5,155,81,7,Prunella,Control,0.1875,0.227854452,0.227854452,0.04272271
29,5,775,405,3,Onobrychis,Control,0.0703125,0.607397274,0.607397274,0.042707621
30,5,818,421,4,Onobrychis,Control,0.0625,0.607397274,0.607397274,0.03796233
32,5,822,423,1,Onobrychis,Roofed,0.078125,0.484486832,0.484486832,0.037850534
35,5,144,77,3,Onobrychis,Roofed,0.234375,0.15882027,0.15882027,0.037223501
35,5,573,304,5,Onobrychis,Control,0.0859375,0.429645924,0.429645924,0.036922697
29,5,787,409,9,Onobrychis,Roofed,0.078125,NA,0.4623,0.036117188
35,5,757,397,5,Onobrychis,Drought,0.125,0.288040922,0.288040922,0.036005115
33,5,158,82,5,Prunella,Roofed,0.140625,0.251630534,0.251630534,0.035385544
33,5,330,170,4,Prunella,Roofed,0.078125,NA,0.4099,0.032023438
33,5,331,170,4,Prunella,Roofed,0.078125,NA,0.4099,0.032023438
29,5,779,406,4,Onobrychis,Control,0.0546875,0.570320654,0.570320654,0.031189411
30,5,819,422,6,Onobrychis,Control,0.046875,0.645270444,0.645270444,0.030247052
29,5,790,410,4,Onobrychis,Drought,0.0625,NA,0.4623,0.02889375
35,5,832,429,2,Onobrychis,Drought,0.0625,NA,0.4623,0.02889375
34,5,900,460,3,Lathyrus,Drought,0.625,0.045720077,0.045720077,0.028575048
32,5,147,78,6,Prunella,Roofed,0.0625,NA,0.4099,0.02561875
32,5,151,80,4,Prunella,Drought,0.0625,NA,0.4099,0.02561875
34,5,563,298,3,Prunella,Roofed,0.09375,0.245649668,0.245649668,0.023029656
35,5,578,305,7,Onobrychis,Control,0.0546875,0.416223612,0.416223612,0.022762229
35,5,756,397,5,Onobrychis,Drought,0.078125,0.288040922,0.288040922,0.022503197
35,5,168,87,10,Onobrychis,Control,0.046875,NA,0.4623,0.021670313
35,5,173,88,4,Onobrychis,Roofed,0.046875,NA,0.4623,0.021670313
29,5,786,409,9,Onobrychis,Roofed,0.046875,NA,0.4623,0.021670313
29,5,791,410,4,Onobrychis,Drought,0.046875,NA,0.4623,0.021670313
29,5,784,408,4,Onobrychis,Roofed,0.03125,0.645270444,0.645270444,0.020164701
32,5,903,462,1,Prunella,Drought,0.0625,0.312824484,0.312824484,0.01955153
35,5,175,89,2,Onobrychis,Drought,0.046875,0.416223612,0.416223612,0.019510482
34,5,564,298,3,Prunella,Roofed,0.078125,0.245649668,0.245649668,0.01919138
29,5,776,405,3,Onobrychis,Control,0.03125,0.607397274,0.607397274,0.018981165
29,5,780,407,9,Onobrychis,Control,0.03125,0.585056784,0.585056784,0.018283025
35,5,618,324,8,Onobrychis,Drought,0.03125,0.534023897,0.534023897,0.016688247
32,5,827,425,2,Onobrychis,Drought,0.03125,NA,0.4623,0.014446875
33,5,329,170,4,Prunella,Roofed,0.03125,NA,0.4099,0.012809375
30,5,821,422,6,Onobrychis,Control,0.015625,0.645270444,0.645270444,0.010082351
35,5,583,307,7,Onobrychis,Drought,0.015625,NA,0.4623,0.007223438
35,5,574,304,5,Onobrychis,Control,0.015625,0.429645924,0.429645924,0.006713218
32,5,824,424,3,Onobrychis,Roofed,0.015625,0.429645924,0.429645924,0.006713218
32,5,825,424,3,Onobrychis,Roofed,0.015625,0.429645924,0.429645924,0.006713218
33,5,161,83,7,Prunella,Drought,0.015625,NA,0.4099,0.006404688
35,5,758,397,5,Onobrychis,Drought,0.015625,0.288040922,0.288040922,0.004500639
24,4,44,20,3,Lathyrus,Control,7.65625,0.312824484,0.312824484,2.395062456
25,4,221,110,2,Lathyrus,Drought,7.8125,0.294198098,0.294198098,2.298422637
25,4,220,110,2,Lathyrus,Drought,4.84375,0.396301742,0.396301742,1.91958656
25,4,214,108,4,Lathyrus,Control,4.453125,0.294198098,0.294198098,1.310100903
24,4,46,21,1,Lathyrus,Drought,3.8125,0.306589745,0.306589745,1.168873403
24,4,495,264,3,Lathyrus,Control,2.1875,0.443182334,0.443182334,0.969461356
25,4,215,108,4,Lathyrus,Control,4.0625,0.21611246,0.21611246,0.877956869
22,4,483,257,7,Prunella,Control,1.484375,0.54122166,0.54122166,0.803375902
25,4,544,289,3,Lathyrus,Control,1.484375,0.54122166,0.54122166,0.803375902
25,4,546,290,1,Lathyrus,Drought,1.484375,0.52685666,0.52685666,0.782052855
24,4,43,20,3,Lathyrus,Control,2.734375,0.257636187,0.257636187,0.704473949
25,4,218,109,3,Lathyrus,Roofed,2.03125,0.344392672,0.344392672,0.699547614
22,4,492,261,3,Lathyrus,Control,1.25,0.54122166,0.54122166,0.676527075
25,4,543,289,3,Lathyrus,Control,1.640625,0.40291433,0.40291433,0.661031323
22,4,491,261,3,Lathyrus,Control,1.171875,0.555709302,0.555709302,0.651221838
25,4,545,289,3,Lathyrus,Control,0.859375,0.645270444,0.645270444,0.554529288
22,4,482,257,7,Prunella,Control,1.015625,0.54122166,0.54122166,0.549678248
24,4,489,260,3,Lathyrus,Control,1.5625,0.350786142,0.350786142,0.548103347
24,4,496,265,3,Lathyrus,Drought,1.875,0.288040922,0.288040922,0.540076729
24,4,498,265,3,Lathyrus,Drought,1.875,0.257636187,0.257636187,0.483067851
25,4,217,109,3,Lathyrus,Roofed,3.125,0.153217832,0.153217832,0.478805723
24,4,493,264,3,Lathyrus,Control,1.5625,0.300380994,0.300380994,0.469345303
24,4,497,265,3,Lathyrus,Drought,1.40625,0.32537246,0.32537246,0.457555022
22,4,201,102,6,Prunella,Control,0.59375,0.59991876,0.59991876,0.356201764
23,4,207,105,1,Prunella,Drought,0.59375,0.59991876,0.59991876,0.356201764
26,4,225,112,10,Prunella,Control,0.625,0.534023897,0.534023897,0.333764935
28,4,71,31,5,Prunella,Control,1.3125,0.251630534,0.251630534,0.330265076
26,4,226,112,10,Prunella,Control,0.8125,0.40291433,0.40291433,0.327367893
23,4,213,107,3,Prunella,Control,0.953125,0.331685964,0.331685964,0.316138184
26,4,735,389,7,Onobrychis,Drought,0.734375,0.429645924,0.429645924,0.315521225
24,4,494,264,3,Lathyrus,Control,1.40625,0.21611246,0.21611246,0.303908147
26,4,224,112,10,Prunella,Control,0.625,0.477529547,0.477529547,0.298455967
22,4,701,375,5,Onobrychis,Control,0.734375,0.383160002,0.383160002,0.281383126
23,4,713,380,6,Onobrychis,Control,0.625,0.44999366,0.44999366,0.281246037
24,4,45,20,3,Lathyrus,Control,1.09375,0.251630534,0.251630534,0.275220897
26,4,58,26,3,Prunella,Control,0.765625,0.350786142,0.350786142,0.26857064
22,4,481,257,7,Prunella,Control,0.46875,0.54122166,0.54122166,0.253697653
26,4,61,27,2,Prunella,Roofed,0.578125,0.4363998,0.4363998,0.252293634
25,4,540,288,4,Lathyrus,Roofed,0.46875,0.512613234,0.512613234,0.240287453
22,4,705,376,4,Onobrychis,Roofed,0.515625,0.44999366,0.44999366,0.232027981
22,4,202,102,6,Prunella,Control,0.53125,0.422920573,0.422920573,0.224676554
25,4,52,23,6,Prunella,Drought,0.375,0.585056784,0.585056784,0.219396294
22,4,700,375,5,Onobrychis,Control,0.703125,0.306589745,0.306589745,0.215570914
28,4,72,31,5,Prunella,Control,0.5,0.422920573,0.422920573,0.211460286
26,4,57,26,3,Prunella,Control,0.375,0.555709302,0.555709302,0.208390988
23,4,211,107,3,Prunella,Control,0.703125,0.281909334,0.281909334,0.1982175
26,4,60,27,2,Prunella,Roofed,0.3125,0.61490765,0.61490765,0.192158641
23,4,208,106,5,Prunella,Roofed,0.46875,0.396301742,0.396301742,0.185766441
22,4,703,376,4,Onobrychis,Roofed,0.484375,0.376630584,0.376630584,0.182430439
26,4,732,388,1,Onobrychis,Control,0.40625,0.409554909,0.409554909,0.166381682
22,4,490,261,3,Lathyrus,Control,0.46875,0.344392672,0.344392672,0.161434065
23,4,484,259,3,Prunella,Control,0.25,0.645270444,0.645270444,0.161317611
23,4,209,106,5,Prunella,Roofed,0.28125,0.570320654,0.570320654,0.160402684
25,4,51,23,6,Prunella,Drought,0.25,0.61490765,0.61490765,0.153726913
22,4,706,377,4,Onobrychis,Drought,0.4375,0.331685964,0.331685964,0.145112609
26,4,59,26,3,Prunella,Control,0.453125,0.319085345,0.319085345,0.144585547
22,4,204,103,5,Prunella,Roofed,0.421875,0.33802599,0.33802599,0.142604715
22,4,206,103,5,Prunella,Roofed,0.5625,0.251630534,0.251630534,0.141542175
23,4,485,259,3,Prunella,Control,0.21875,0.645270444,0.645270444,0.14115291
23,4,212,107,3,Prunella,Control,0.828125,0.170093232,0.170093232,0.140858458
23,4,714,380,6,Onobrychis,Control,0.3125,0.443182334,0.443182334,0.138494479
24,4,536,286,13,Prunella,Drought,0.21875,0.630024522,0.630024522,0.137817864
28,4,73,31,5,Prunella,Control,0.25,0.54122166,0.54122166,0.135305415
25,4,53,24,6,Prunella,Roofed,0.21875,0.61490765,0.61490765,0.134511048
27,4,716,381,4,Onobrychis,Control,0.296875,0.443182334,0.443182334,0.131569755
25,4,219,109,3,Lathyrus,Roofed,0.78125,0.164445359,0.164445359,0.128472937
26,4,550,293,6,Prunella,Roofed,0.140625,0.907627484,0.907627484,0.127635115
26,4,552,293,6,Prunella,Roofed,0.140625,0.907627484,0.907627484,0.127635115
23,4,710,378,3,Onobrychis,Drought,0.296875,0.40291433,0.40291433,0.119615192
24,4,535,286,13,Prunella,Drought,0.1875,0.630024522,0.630024522,0.118129598
26,4,736,389,7,Onobrychis,Drought,0.234375,0.484486832,0.484486832,0.113551601
23,4,486,259,3,Prunella,Control,0.171875,0.645270444,0.645270444,0.110905858
22,4,753,396,6,Onobrychis,Drought,0.1875,0.585056784,0.585056784,0.109698147
22,4,33,15,4,Prunella,Roofed,0.53125,0.20446641,0.20446641,0.10862278
27,4,65,29,5,Onobrychis,Drought,0.234375,NA,0.4623,0.108351563
22,4,29,13,5,Prunella,Drought,0.1875,0.577673055,0.577673055,0.108313698
22,4,704,376,4,Onobrychis,Roofed,0.25,0.416223612,0.416223612,0.104055903
23,4,715,380,6,Onobrychis,Control,0.25,0.416223612,0.416223612,0.104055903
24,4,532,285,5,Prunella,Control,0.15625,0.645270444,0.645270444,0.100823507
24,4,533,285,5,Prunella,Control,0.15625,0.645270444,0.645270444,0.100823507
27,4,740,391,3,Onobrychis,Roofed,0.1875,0.534023897,0.534023897,0.100129481
27,4,64,28,4,Onobrychis,Roofed,0.328125,0.281909334,0.281909334,0.0925015
26,4,734,388,1,Onobrychis,Control,0.203125,0.4363998,0.4363998,0.088643709
22,4,31,13,5,Prunella,Drought,0.15625,0.555709302,0.555709302,0.086829578
27,4,745,392,1,Onobrychis,Drought,0.15625,0.555709302,0.555709302,0.086829578
26,4,733,388,1,Onobrychis,Control,0.234375,0.33802599,0.33802599,0.079224841
22,4,751,395,4,Onobrychis,Roofed,0.1484375,0.52685666,0.52685666,0.078205285
26,4,228,113,2,Prunella,Roofed,0.125,0.61490765,0.61490765,0.076863456
22,4,203,102,6,Prunella,Control,0.125,0.607397274,0.607397274,0.075924659
27,4,741,391,3,Onobrychis,Roofed,0.140625,0.534023897,0.534023897,0.07509711
22,4,34,15,4,Prunella,Roofed,0.34375,0.21611246,0.21611246,0.074288658
26,4,551,293,6,Prunella,Roofed,0.078125,0.907627484,0.907627484,0.070908397
27,4,743,392,1,Onobrychis,Drought,0.125,0.555709302,0.555709302,0.069463663
25,4,54,24,6,Prunella,Roofed,0.1171875,0.592471975,0.592471975,0.06943031
23,4,38,16,7,Onobrychis,Control,0.140625,NA,0.4623,0.065010938
23,4,40,18,1,Onobrychis,Roofed,0.140625,NA,0.4623,0.065010938
23,4,210,106,5,Prunella,Roofed,0.15625,NA,0.4099,0.064046875
22,4,754,396,6,Onobrychis,Drought,0.109375,0.585056784,0.585056784,0.063990586
24,4,534,285,5,Prunella,Control,0.09375,0.645270444,0.645270444,0.060494104
23,4,709,378,3,Onobrychis,Drought,0.390625,0.14763791,0.14763791,0.057671059
22,4,752,395,4,Onobrychis,Roofed,0.109375,0.52685666,0.52685666,0.057624947
27,4,63,28,4,Onobrychis,Roofed,0.1171875,NA,0.4623,0.054175781
25,4,50,23,6,Prunella,Drought,0.125,NA,0.4099,0.0512375
27,4,70,30,3,Onobrychis,Control,0.109375,NA,0.4623,0.050564063
22,4,750,395,4,Onobrychis,Roofed,0.09375,0.52685666,0.52685666,0.049392812
23,4,37,16,7,Onobrychis,Control,0.1015625,NA,0.4623,0.046952344
27,4,62,28,4,Onobrychis,Roofed,0.09375,NA,0.4623,0.043340625
27,4,742,391,3,Onobrychis,Roofed,0.078125,0.534023897,0.534023897,0.041720617
22,4,30,13,5,Prunella,Drought,0.09375,0.443182334,0.443182334,0.041548344
26,4,227,113,2,Prunella,Roofed,0.09375,NA,0.4099,0.038428125
27,4,230,114,5,Prunella,Roofed,0.09375,NA,0.4099,0.038428125
25,4,547,292,10,Prunella,Control,0.09375,NA,0.4099,0.038428125
22,4,32,14,1,Prunella,Control,0.0625,0.585056784,0.585056784,0.036566049
22,4,35,15,4,Prunella,Roofed,0.140625,0.23376176,0.23376176,0.032872748
26,4,737,389,7,Onobrychis,Drought,0.0703125,NA,0.4623,0.032505469
27,4,232,115,1,Prunella,Control,0.078125,NA,0.4099,0.032023438
25,4,548,292,10,Prunella,Control,0.078125,NA,0.4099,0.032023438
23,4,712,379,1,Onobrychis,Control,0.140625,0.221971397,0.221971397,0.031214728
27,4,744,392,1,Onobrychis,Drought,0.046875,0.555709302,0.555709302,0.026048874
28,4,79,33,6,Prunella,Drought,0.0625,NA,0.4099,0.02561875
27,4,233,116,1,Prunella,Drought,0.0625,NA,0.4099,0.02561875
22,4,205,103,5,Prunella,Roofed,0.09375,0.26366676,0.26366676,0.024718759
27,4,717,381,4,Onobrychis,Control,0.09375,0.245649668,0.245649668,0.023029656
22,4,702,375,5,Onobrychis,Control,0.140625,0.15882027,0.15882027,0.0223341
27,4,66,29,5,Onobrychis,Drought,0.046875,NA,0.4623,0.021670313
27,4,67,29,5,Onobrychis,Drought,0.046875,NA,0.4623,0.021670313
22,4,755,396,6,Onobrychis,Drought,0.03125,0.585056784,0.585056784,0.018283025
27,4,718,381,4,Onobrychis,Control,0.0625,0.245649668,0.245649668,0.015353104
28,4,76,32,3,Prunella,Roofed,0.03125,NA,0.4099,0.012809375
26,4,222,111,2,Prunella,Drought,0.03125,NA,0.4099,0.012809375
27,4,229,114,5,Prunella,Roofed,0.03125,NA,0.4099,0.012809375
27,4,231,114,5,Prunella,Roofed,0.03125,NA,0.4099,0.012809375
25,4,549,292,10,Prunella,Control,0.03125,NA,0.4099,0.012809375
28,4,77,33,6,Prunella,Drought,0.015625,NA,0.4099,0.006404688
17,3,309,160,4,Lathyrus,Control,6.875,0.409554909,0.409554909,2.815689999
17,3,306,159,3,Lathyrus,Drought,4.296875,0.45683391,0.45683391,1.962958207
15,3,317,162,4,Lathyrus,Drought,3.671875,0.512613234,0.512613234,1.882251719
17,3,895,457,1,Lathyrus,Roofed,3.203125,0.577673055,0.577673055,1.850359004
19,3,300,156,4,Lathyrus,Roofed,4.21875,0.350786142,0.350786142,1.479879037
15,3,315,162,4,Lathyrus,Drought,2.34375,0.577673055,0.577673055,1.353921223
17,3,312,161,5,Lathyrus,Roofed,2.65625,0.44999366,0.44999366,1.195295658
17,3,136,68,1,Lathyrus,Roofed,2.734375,0.416223612,0.416223612,1.138111439
19,3,305,158,4,Lathyrus,Control,3.125,0.350786142,0.350786142,1.096206694
17,3,313,161,5,Lathyrus,Roofed,3.28125,0.331685964,0.331685964,1.088344569
21,3,200,101,1,Lathyrus,Drought,4.0625,0.26366676,0.26366676,1.071146213
17,3,311,160,4,Lathyrus,Control,2.1875,0.429645924,0.429645924,0.939850459
17,3,314,161,5,Lathyrus,Roofed,2.421875,0.370128623,0.370128623,0.896405258
19,3,421,221,7,Lathyrus,Control,1.71875,0.505536778,0.505536778,0.868891336
19,3,422,221,7,Lathyrus,Control,1.5625,0.519719817,0.519719817,0.812062214
19,3,301,156,4,Lathyrus,Roofed,2.03125,0.38971701,0.38971701,0.791612677
17,3,411,217,2,Lathyrus,Drought,1.25,0.61490765,0.61490765,0.768634563
21,3,198,99,2,Lathyrus,Roofed,1.9375,0.38971701,0.38971701,0.755076707
19,3,303,158,4,Lathyrus,Control,3.75,0.192915234,0.192915234,0.723432128
17,3,307,159,3,Lathyrus,Drought,1.5625,0.45683391,0.45683391,0.713802984
19,3,719,382,4,Onobrychis,Roofed,1.703125,0.40291433,0.40291433,0.686213468
15,3,316,162,4,Lathyrus,Drought,2.890625,0.23376176,0.23376176,0.675717588
15,3,399,210,5,Lathyrus,Control,2.34375,0.288040922,0.288040922,0.675095911
19,3,455,237,6,Lathyrus,Control,1.25,0.52685666,0.52685666,0.658570825
15,3,400,210,5,Lathyrus,Control,1.5625,0.383160002,0.383160002,0.598687503
17,3,310,160,4,Lathyrus,Control,1.09375,0.512613234,0.512613234,0.560670725
19,3,420,220,4,Lathyrus,Control,2.578125,0.210277509,0.210277509,0.542121703
19,3,417,219,2,Lathyrus,Roofed,1.09375,0.443182334,0.443182334,0.484730678
17,3,308,159,3,Lathyrus,Drought,1.25,0.370128623,0.370128623,0.462660778
19,3,299,156,4,Lathyrus,Roofed,1.25,0.363653984,0.363653984,0.45456748
19,3,454,237,6,Lathyrus,Control,1.5625,0.288040922,0.288040922,0.450063941
19,3,419,220,4,Lathyrus,Control,1.484375,0.288040922,0.288040922,0.427560744
19,3,699,374,2,Lathyrus,Roofed,1.09375,NA,0.3729,0.407859375
19,3,423,221,7,Lathyrus,Control,0.78125,0.519719817,0.519719817,0.406031107
19,3,725,385,3,Onobrychis,Drought,0.6875,0.562999448,0.562999448,0.38706212
19,3,448,235,7,Prunella,Roofed,0.765625,0.49147371,0.49147371,0.376284559
19,3,449,235,7,Prunella,Roofed,0.5625,0.645270444,0.645270444,0.362964625
19,3,413,218,4,Prunella,Roofed,0.8125,0.363653984,0.363653984,0.295468862
19,3,416,219,2,Lathyrus,Roofed,0.625,0.463703219,0.463703219,0.289814512
17,3,877,449,7,Prunella,Roofed,0.625,0.409554909,0.409554909,0.255971818
19,3,726,385,3,Onobrychis,Drought,0.65625,0.38971701,0.38971701,0.255751788
19,3,720,383,3,Onobrychis,Roofed,0.59375,0.40291433,0.40291433,0.239230383
15,3,401,210,5,Lathyrus,Control,0.625,0.376630584,0.376630584,0.235394115
21,3,897,459,9,Prunella,Drought,0.71875,0.294198098,0.294198098,0.211454883
20,3,295,154,7,Prunella,Control,0.65625,0.319085345,0.319085345,0.209399757
20,3,294,154,7,Prunella,Control,0.78125,0.257636187,0.257636187,0.201278271
20,3,469,242,12,Prunella,Control,0.296875,0.645270444,0.645270444,0.191564663
17,3,875,449,7,Prunella,Roofed,0.578125,0.319085345,0.319085345,0.184471215
20,3,293,154,7,Prunella,Control,0.625,0.294198098,0.294198098,0.183873811
19,3,418,220,4,Lathyrus,Control,0.625,0.288040922,0.288040922,0.180025576
20,3,468,242,12,Prunella,Control,0.265625,0.645270444,0.645270444,0.171399962
19,3,451,236,12,Prunella,Control,0.375,0.45683391,0.45683391,0.171312716
21,3,475,244,5,Prunella,Roofed,0.390625,0.429645924,0.429645924,0.167830439
17,3,409,216,4,Prunella,Control,0.8125,0.20446641,0.20446641,0.166128958
17,3,870,445,1,Lathyrus,Roofed,0.3125,0.512613234,0.512613234,0.160191636
19,3,456,238,5,Prunella,Drought,0.390625,NA,0.4099,0.160117188
21,3,474,244,5,Prunella,Roofed,0.328125,0.463703219,0.463703219,0.152152619
21,3,473,244,5,Prunella,Roofed,0.359375,0.409554909,0.409554909,0.147183795
15,3,402,211,4,Lathyrus,Drought,0.78125,0.18717489,0.18717489,0.146230383
19,3,450,236,12,Prunella,Control,0.265625,0.534023897,0.534023897,0.141850098
16,3,862,441,7,Onobrychis,Control,0.203125,0.645270444,0.645270444,0.131070559
16,3,747,394,3,Onobrychis,Drought,0.234375,0.555709302,0.555709302,0.130244368
21,3,289,151,9,Prunella,Drought,0.40625,0.312824484,0.312824484,0.127084947
19,3,453,237,6,Lathyrus,Control,0.546875,0.227854452,0.227854452,0.124607903
19,3,447,235,7,Prunella,Roofed,0.34375,0.350786142,0.350786142,0.120582736
17,3,868,444,3,Lathyrus,Drought,0.3125,NA,0.3729,0.11653125
17,3,876,449,7,Prunella,Roofed,0.34375,0.331685964,0.331685964,0.11401705
17,3,408,216,4,Prunella,Control,0.46875,0.227854452,0.227854452,0.106806774
20,3,297,155,10,Prunella,Drought,0.390625,0.26366676,0.26366676,0.102994828
20,3,298,155,10,Prunella,Drought,0.421875,0.239693454,0.239693454,0.101120676
17,3,410,216,4,Prunella,Control,0.53125,0.18717489,0.18717489,0.09943666
15,3,405,212,8,Prunella,Drought,0.171875,0.570320654,0.570320654,0.098023862
19,3,304,158,4,Lathyrus,Control,0.3125,0.312824484,0.312824484,0.097757651
21,3,290,151,9,Prunella,Drought,0.265625,0.363653984,0.363653984,0.09659559
21,3,426,223,14,Prunella,Roofed,0.203125,NA,0.4099,0.083260938
19,3,460,239,9,Prunella,Drought,0.1875,0.443182334,0.443182334,0.083096688
19,3,723,384,2,Onobrychis,Drought,0.1875,0.443182334,0.443182334,0.083096688
19,3,606,319,11,Onobrychis,Roofed,0.265625,0.306589745,0.306589745,0.081437901
21,3,197,99,2,Lathyrus,Roofed,0.34375,0.23376176,0.23376176,0.080355605
16,3,748,394,3,Onobrychis,Drought,0.1484375,0.512613234,0.512613234,0.076091027
21,3,291,153,2,Prunella,Control,0.125,0.555709302,0.555709302,0.069463663
19,3,452,236,12,Prunella,Control,0.15625,NA,0.4099,0.064046875
16,3,861,441,7,Onobrychis,Control,0.09375,0.645270444,0.645270444,0.060494104
17,3,412,217,2,Lathyrus,Drought,0.15625,NA,0.3729,0.058265625
17,3,869,444,3,Lathyrus,Drought,0.15625,NA,0.3729,0.058265625
19,3,607,319,11,Onobrychis,Roofed,0.125,NA,0.4623,0.0577875
19,3,722,383,3,Onobrychis,Roofed,0.265625,0.19867903,0.19867903,0.052774117
16,3,749,394,3,Onobrychis,Drought,0.09375,0.512613234,0.512613234,0.048057491
20,3,470,242,12,Prunella,Control,0.0625,0.645270444,0.645270444,0.040329403
21,3,428,223,14,Prunella,Roofed,0.09375,NA,0.4099,0.038428125
19,3,457,238,5,Prunella,Drought,0.09375,NA,0.4099,0.038428125
16,3,864,442,5,Onobrychis,Roofed,0.078125,NA,0.4623,0.036117188
21,3,427,223,14,Prunella,Roofed,0.0625,NA,0.4099,0.02561875
20,3,471,243,2,Prunella,Drought,0.0625,NA,0.4099,0.02561875
21,3,898,459,9,Prunella,Drought,0.15625,0.15882027,0.15882027,0.024815667
16,3,865,442,5,Onobrychis,Roofed,0.046875,NA,0.4623,0.021670313
16,3,863,441,7,Onobrychis,Control,0.03125,0.645270444,0.645270444,0.020164701
19,3,458,238,5,Prunella,Drought,0.046875,NA,0.4099,0.019214063
21,3,896,459,9,Prunella,Drought,0.09375,0.164445359,0.164445359,0.015416752
16,3,746,393,1,Onobrychis,Roofed,0.03125,NA,0.4623,0.014446875
16,3,866,442,5,Onobrychis,Roofed,0.03125,NA,0.4623,0.014446875
15,3,406,212,8,Prunella,Drought,0.03125,NA,0.4099,0.012809375
19,3,414,218,4,Prunella,Roofed,0.03125,NA,0.4099,0.012809375
19,3,608,319,11,Onobrychis,Roofed,0.015625,NA,0.4623,0.007223438
20,3,472,243,2,Prunella,Drought,0.015625,NA,0.4099,0.006404688
9,2,501,267,1,Lathyrus,Control,1.484375,0.645270444,0.645270444,0.957823315
11,2,508,272,5,Lathyrus,Control,1.328125,0.69179319,0.69179319,0.91878783
11,2,15,6,3,Lathyrus,Drought,3.90625,0.192915234,0.192915234,0.753575133
10,2,681,361,4,Lathyrus,Drought,1.015625,0.645270444,0.645270444,0.655352795
11,2,509,272,5,Lathyrus,Control,0.78125,0.805062374,0.805062374,0.62895498
11,2,10,4,1,Lathyrus,Control,2.5,0.23376176,0.23376176,0.5844044
9,2,677,359,2,Lathyrus,Control,1.71875,0.312824484,0.312824484,0.537667082
11,2,191,95,5,Prunella,Roofed,0.9375,0.422920573,0.422920573,0.396488037
9,2,4,2,4,Prunella,Control,1.328125,0.288040922,0.288040922,0.38255435
10,2,502,268,3,Lathyrus,Control,0.859375,0.429645924,0.429645924,0.369226966
12,2,511,273,3,Lathyrus,Drought,0.9375,0.38971701,0.38971701,0.365359697
9,2,6,2,4,Prunella,Control,1.3125,0.269722387,0.269722387,0.354010632
10,2,679,361,4,Lathyrus,Drought,0.46875,0.645270444,0.645270444,0.302470521
11,2,188,94,5,Prunella,Control,0.96875,0.300380994,0.300380994,0.290994088
11,2,186,94,5,Prunella,Control,0.84375,0.331685964,0.331685964,0.279860032
9,2,631,330,9,Prunella,Roofed,0.8125,0.344392672,0.344392672,0.279819046
9,2,177,91,12,Prunella,Drought,0.703125,0.38971701,0.38971701,0.274019773
9,2,630,330,9,Prunella,Roofed,0.71875,0.350786142,0.350786142,0.25212754
9,2,178,91,12,Prunella,Drought,0.578125,0.416223612,0.416223612,0.240629276
13,2,553,295,6,Onobrychis,Control,0.546875,0.4363998,0.4363998,0.238656141
9,2,632,330,9,Prunella,Roofed,0.5625,0.422920573,0.422920573,0.237892822
11,2,183,93,7,Prunella,Drought,0.6875,0.344392672,0.344392672,0.236769962
11,2,11,5,5,Lathyrus,Roofed,0.859375,0.26366676,0.26366676,0.226588622
11,2,184,93,7,Prunella,Drought,0.859375,0.26366676,0.26366676,0.226588622
11,2,189,95,5,Prunella,Roofed,0.53125,0.422920573,0.422920573,0.224676554
11,2,510,272,5,Lathyrus,Control,0.3125,0.707565992,0.707565992,0.221114373
11,2,190,95,5,Prunella,Roofed,0.5,0.4363998,0.4363998,0.2181999
13,2,560,297,3,Onobrychis,Drought,0.328125,0.645270444,0.645270444,0.211729364
9,2,179,91,12,Prunella,Drought,0.390625,0.54122166,0.54122166,0.211414711
12,2,194,96,5,Prunella,Roofed,0.65625,0.319085345,0.319085345,0.209399757
9,2,176,90,1,Prunella,Roofed,0.53125,0.376630584,0.376630584,0.200084998
11,2,187,94,5,Prunella,Control,0.71875,0.2758032,0.2758032,0.19823355
9,2,678,359,2,Lathyrus,Control,0.9375,0.210277509,0.210277509,0.197135165
13,2,556,296,3,Onobrychis,Roofed,0.3828125,NA,0.4623,0.176974219
12,2,886,452,7,Prunella,Control,0.34375,0.422920573,0.422920573,0.145378947
12,2,21,9,3,Onobrychis,Roofed,0.375,0.383160002,0.383160002,0.143685001
12,2,884,452,7,Prunella,Control,0.28125,0.484486832,0.484486832,0.136261922
13,2,559,297,3,Onobrychis,Drought,0.328125,0.40291433,0.40291433,0.132206265
13,2,561,297,3,Onobrychis,Drought,0.359375,0.344392672,0.344392672,0.123766116
12,2,894,456,3,Lathyrus,Drought,0.5,0.227854452,0.227854452,0.113927226
12,2,881,451,15,Prunella,Roofed,0.3125,0.344392672,0.344392672,0.10762271
12,2,634,336,6,Onobrychis,Control,0.1640625,0.645270444,0.645270444,0.105864682
11,2,684,362,3,Onobrychis,Control,0.21875,0.477529547,0.477529547,0.104459588
10,2,680,361,4,Lathyrus,Drought,0.15625,0.645270444,0.645270444,0.100823507
14,2,26,11,4,Onobrychis,Control,0.453125,0.210277509,0.210277509,0.095281996
12,2,885,452,7,Prunella,Control,0.15625,0.59991876,0.59991876,0.093737306
12,2,882,451,15,Prunella,Roofed,0.15625,0.592471975,0.592471975,0.092573746
12,2,20,9,3,Onobrychis,Roofed,0.234375,0.383160002,0.383160002,0.089803125
13,2,557,296,3,Onobrychis,Roofed,0.1875,0.4363998,0.4363998,0.081824963
12,2,22,9,3,Onobrychis,Roofed,0.203125,0.357206535,0.357206535,0.072557577
12,2,637,337,3,Onobrychis,Roofed,0.15625,0.44999366,0.44999366,0.070311509
12,2,193,96,5,Prunella,Roofed,0.15625,NA,0.4099,0.064046875
9,2,5,2,4,Prunella,Control,0.25,0.251630534,0.251630534,0.062907634
14,2,27,12,2,Onobrychis,Drought,0.1328125,NA,0.4623,0.061399219
9,2,7,3,3,Prunella,Drought,0.5625,0.098409854,0.098409854,0.055355543
14,2,25,11,4,Onobrychis,Control,0.3984375,0.136545084,0.136545084,0.054404682
14,2,24,11,4,Onobrychis,Control,0.28125,0.192915234,0.192915234,0.05425741
10,2,503,268,3,Lathyrus,Control,0.15625,0.32537246,0.32537246,0.050839447
11,2,633,335,1,Onobrychis,Drought,0.109375,NA,0.4623,0.050564063
12,2,529,284,4,Prunella,Control,0.109375,NA,0.4099,0.044832813
12,2,530,284,4,Prunella,Control,0.109375,NA,0.4099,0.044832813
14,2,670,355,2,Onobrychis,Drought,0.09375,NA,0.4623,0.043340625
12,2,192,96,5,Prunella,Roofed,0.09375,NA,0.4099,0.038428125
12,2,196,98,1,Prunella,Control,0.09375,NA,0.4099,0.038428125
12,2,686,365,2,Onobrychis,Control,0.078125,NA,0.4623,0.036117188
12,2,639,337,3,Onobrychis,Roofed,0.0703125,0.44999366,0.44999366,0.031640179
9,2,9,3,3,Prunella,Drought,0.4375,0.071808534,0.071808534,0.031416234
12,2,687,366,2,Onobrychis,Roofed,0.171875,0.181457864,0.181457864,0.03118807
12,2,892,456,3,Lathyrus,Drought,0.09375,0.281909334,0.281909334,0.026429
11,2,682,362,3,Onobrychis,Control,0.0546875,0.477529547,0.477529547,0.026114897
11,2,683,362,3,Onobrychis,Control,0.0546875,0.477529547,0.477529547,0.026114897
9,2,181,92,5,Prunella,Control,0.0625,NA,0.4099,0.02561875
9,2,182,92,5,Prunella,Control,0.0625,NA,0.4099,0.02561875
12,2,893,456,3,Lathyrus,Drought,0.28125,0.087706715,0.087706715,0.024667513
12,2,685,365,2,Onobrychis,Control,0.046875,NA,0.4623,0.021670313
13,2,554,295,6,Onobrychis,Control,0.09375,0.170093232,0.170093232,0.015946241
12,2,635,336,6,Onobrychis,Control,0.0234375,0.645270444,0.645270444,0.015123526
14,2,28,12,2,Onobrychis,Drought,0.03125,NA,0.4623,0.014446875
12,2,638,337,3,Onobrychis,Roofed,0.03125,0.44999366,0.44999366,0.014062302
9,2,180,92,5,Prunella,Control,0.03125,NA,0.4099,0.012809375
9,2,674,357,5,Prunella,Drought,0.03125,NA,0.4099,0.012809375
9,2,676,358,1,Prunella,Control,0.03125,NA,0.4099,0.012809375
12,2,19,8,1,Onobrychis,Control,0.0625,0.192915234,0.192915234,0.012057202
12,2,636,336,6,Onobrychis,Control,0.015625,0.645270444,0.645270444,0.010082351
14,2,641,338,3,Onobrychis,Drought,0.015625,NA,0.4623,0.007223438
14,2,642,338,3,Onobrychis,Drought,0.015625,NA,0.4623,0.007223438
12,2,688,366,2,Onobrychis,Roofed,0.03125,0.181457864,0.181457864,0.005670558
3,1,273,144,2,Lathyrus,Control,8.28125,0.38971701,0.38971701,3.227343989
7,1,442,231,1,Lathyrus,Roofed,3.75,0.562999448,0.562999448,2.111247928
3,1,663,351,2,Lathyrus,Roofed,4.21875,0.49147371,0.49147371,2.073404714
3,1,662,351,2,Lathyrus,Roofed,2.96875,0.562999448,0.562999448,1.67140461
6,1,855,438,4,Lathyrus,Drought,2.34375,0.645270444,0.645270444,1.512352603
3,1,272,144,2,Lathyrus,Control,4.21875,0.350786142,0.350786142,1.479879037
7,1,394,206,6,Lathyrus,Control,2.5,0.562999448,0.562999448,1.407498619
6,1,854,438,4,Lathyrus,Drought,2.03125,0.592471975,0.592471975,1.203458698
7,1,390,205,5,Lathyrus,Roofed,1.71875,0.69179319,0.69179319,1.189019545
3,1,844,434,4,Lathyrus,Roofed,2.34375,0.45683391,0.45683391,1.070704477
6,1,439,228,3,Lathyrus,Control,4.6875,0.227854452,0.227854452,1.068067744
3,1,887,453,2,Lathyrus,Roofed,1.875,0.548450084,0.548450084,1.028343908
1,1,371,196,3,Lathyrus,Drought,2.96875,0.33802599,0.33802599,1.003514658
6,1,438,228,3,Lathyrus,Control,5,0.175764023,0.175764023,0.878820113
3,1,274,145,2,Lathyrus,Roofed,5.9375,0.14763791,0.14763791,0.876600091
3,1,841,433,4,Lathyrus,Roofed,1.71875,0.363653984,0.363653984,0.625030285
6,1,857,439,8,Lathyrus,Control,1.875,0.32537246,0.32537246,0.610073363
3,1,845,434,4,Lathyrus,Roofed,2.34375,0.251630534,0.251630534,0.589759064
1,1,374,197,7,Lathyrus,Control,2.03125,0.288040922,0.288040922,0.585083123
6,1,853,438,4,Lathyrus,Drought,1.5625,0.357206535,0.357206535,0.558135211
6,1,440,228,3,Lathyrus,Control,2.1875,0.251630534,0.251630534,0.550441793
6,1,384,202,3,Lathyrus,Roofed,2.03125,0.26366676,0.26366676,0.535573106
6,1,387,203,3,Lathyrus,Roofed,1.5625,0.319085345,0.319085345,0.498570851
6,1,385,202,3,Lathyrus,Roofed,1.71875,0.269722387,0.269722387,0.463585352
1,1,376,197,7,Lathyrus,Control,0.9375,0.45683391,0.45683391,0.428281791
3,1,888,453,2,Lathyrus,Roofed,1.5625,0.26366676,0.26366676,0.411979313
1,1,375,197,7,Lathyrus,Control,0.9375,0.416223612,0.416223612,0.390209636
7,1,392,205,5,Lathyrus,Roofed,0.78125,0.484486832,0.484486832,0.378505338
7,1,391,205,5,Lathyrus,Roofed,0.46875,0.69179319,0.69179319,0.324278058
7,1,443,232,1,Prunella,Control,0.625,0.484486832,0.484486832,0.30280427
6,1,386,203,3,Lathyrus,Roofed,0.859375,0.319085345,0.319085345,0.274213968
3,1,843,433,4,Lathyrus,Roofed,0.78125,0.350786142,0.350786142,0.274051673
6,1,286,150,7,Prunella,Drought,0.375,0.69179319,0.69179319,0.259422446
1,1,262,137,4,Prunella,Drought,0.78125,0.312824484,0.312824484,0.244394128
6,1,856,439,8,Lathyrus,Control,0.78125,0.294198098,0.294198098,0.229842264
3,1,120,53,3,Prunella,Roofed,0.359375,0.61490765,0.61490765,0.220982437
1,1,263,137,4,Prunella,Drought,0.859375,0.251630534,0.251630534,0.21624499
6,1,130,57,1,Prunella,Roofed,0.34375,0.61490765,0.61490765,0.211374505
3,1,116,52,2,Prunella,Drought,0.3125,0.61490765,0.61490765,0.192158641
2,1,795,413,6,Onobrychis,Control,0.5,0.376630584,0.376630584,0.188315292
7,1,395,206,6,Lathyrus,Control,0.3125,0.592471975,0.592471975,0.185147492
3,1,118,53,3,Prunella,Roofed,0.34375,0.519719817,0.519719817,0.178653687
6,1,859,440,2,Lathyrus,Roofed,0.625,0.281909334,0.281909334,0.176193334
6,1,388,203,3,Lathyrus,Roofed,0.46875,NA,0.3729,0.174796875
7,1,393,206,6,Lathyrus,Control,0.46875,NA,0.3729,0.174796875
6,1,284,149,3,Prunella,Control,0.65625,0.26366676,0.26366676,0.173031311
3,1,281,148,3,Prunella,Control,0.75,0.227854452,0.227854452,0.170890839
6,1,282,149,3,Prunella,Control,0.75,0.227854452,0.227854452,0.170890839
3,1,267,139,3,Prunella,Roofed,0.265625,0.61490765,0.61490765,0.163334845
4,1,852,437,8,Onobrychis,Control,0.25,0.645270444,0.645270444,0.161317611
6,1,131,58,2,Prunella,Control,0.375,0.429645924,0.429645924,0.161117222
3,1,114,51,12,Prunella,Control,0.5,0.319085345,0.319085345,0.159542672
3,1,115,51,12,Prunella,Control,0.375,0.422920573,0.422920573,0.158595215
6,1,283,149,3,Prunella,Control,0.609375,0.251630534,0.251630534,0.153337357
6,1,858,439,8,Lathyrus,Control,0.46875,0.319085345,0.319085345,0.149571255
2,1,797,413,6,Onobrychis,Control,0.296875,0.443182334,0.443182334,0.131569755
6,1,287,150,7,Prunella,Drought,0.25,0.512613234,0.512613234,0.128153309
2,1,796,413,6,Onobrychis,Control,0.25,0.498490314,0.498490314,0.124622579
4,1,604,317,1,Onobrychis,Drought,0.1875,0.645270444,0.645270444,0.120988208
3,1,276,147,5,Prunella,Roofed,0.4375,0.2758032,0.2758032,0.1206639
3,1,846,434,4,Lathyrus,Roofed,0.3125,NA,0.3729,0.11653125
3,1,119,53,3,Prunella,Roofed,0.1875,0.61490765,0.61490765,0.115295184
2,1,800,414,4,Onobrychis,Control,0.25,0.45683391,0.45683391,0.114208478
2,1,792,412,5,Onobrychis,Control,0.1875,0.49147371,0.49147371,0.092151321
4,1,807,417,7,Onobrychis,Control,0.296875,0.306589745,0.306589745,0.091018831
7,1,398,208,4,Prunella,Control,0.21875,NA,0.4099,0.089665625
2,1,799,414,4,Onobrychis,Control,0.21875,0.409554909,0.409554909,0.089590136
3,1,113,51,12,Prunella,Control,0.1875,0.477529547,0.477529547,0.08953679
3,1,278,147,5,Prunella,Roofed,0.4375,0.20446641,0.20446641,0.089454054
3,1,664,352,1,Lathyrus,Roofed,0.234375,NA,0.3729,0.087398438
4,1,126,55,3,Onobrychis,Drought,0.1875,NA,0.4623,0.08668125
4,1,601,316,5,Onobrychis,Roofed,0.2421875,0.32537246,0.32537246,0.078801143
1,1,261,137,4,Prunella,Drought,0.1875,NA,0.4099,0.07685625
2,1,798,414,4,Onobrychis,Control,0.1875,0.409554909,0.409554909,0.076791545
6,1,431,225,4,Prunella,Roofed,0.390625,0.192915234,0.192915234,0.075357513
6,1,380,201,4,Prunella,Control,0.15625,0.45683391,0.45683391,0.071380298
7,1,397,208,4,Prunella,Control,0.171875,NA,0.4099,0.070451563
4,1,128,56,3,Onobrychis,Roofed,0.125,0.555709302,0.555709302,0.069463663
2,1,794,412,5,Onobrychis,Control,0.140625,0.49147371,0.49147371,0.06911349
4,1,124,55,3,Onobrychis,Drought,0.1484375,NA,0.4623,0.068622656
3,1,268,139,3,Prunella,Roofed,0.21875,0.312824484,0.312824484,0.068430356
6,1,435,227,4,Prunella,Control,0.171875,0.350786142,0.350786142,0.060291368
6,1,430,225,4,Prunella,Roofed,0.3125,0.192915234,0.192915234,0.060286011
4,1,847,435,3,Onobrychis,Roofed,0.109375,0.54122166,0.54122166,0.059196119
6,1,441,230,1,Prunella,Drought,0.296875,0.192915234,0.192915234,0.05727171
6,1,890,455,3,Prunella,Control,0.203125,0.269722387,0.269722387,0.05478736
6,1,666,353,2,Onobrychis,Drought,0.078125,0.645270444,0.645270444,0.050411753
6,1,132,58,2,Prunella,Control,0.125,0.38971701,0.38971701,0.048714626
6,1,667,354,3,Onobrychis,Roofed,0.1015625,NA,0.4623,0.046952344
4,1,121,54,4,Onobrychis,Control,0.09375,NA,0.4623,0.043340625
2,1,804,416,5,Onobrychis,Roofed,0.09375,NA,0.4623,0.043340625
4,1,815,420,2,Onobrychis,Control,0.09375,NA,0.4623,0.043340625
4,1,851,437,8,Onobrychis,Control,0.0625,0.645270444,0.645270444,0.040329403
6,1,432,226,4,Prunella,Roofed,0.15625,0.251630534,0.251630534,0.039317271
6,1,429,225,4,Prunella,Roofed,0.203125,0.192915234,0.192915234,0.039185907
3,1,271,140,2,Prunella,Control,0.09375,NA,0.4099,0.038428125
7,1,396,208,4,Prunella,Control,0.09375,NA,0.4099,0.038428125
6,1,889,455,3,Prunella,Control,0.1875,0.20446641,0.20446641,0.038337452
4,1,127,56,3,Onobrychis,Roofed,0.0625,0.555709302,0.555709302,0.034731831
4,1,603,316,5,Onobrychis,Roofed,0.0859375,0.40291433,0.40291433,0.03462545
4,1,849,435,3,Onobrychis,Roofed,0.0625,0.54122166,0.54122166,0.033826354
6,1,669,354,3,Onobrychis,Roofed,0.0703125,NA,0.4623,0.032505469
3,1,277,147,5,Prunella,Roofed,0.15625,0.20446641,0.20446641,0.031947877
4,1,602,316,5,Onobrychis,Roofed,0.078125,0.40291433,0.40291433,0.031477682
3,1,279,148,3,Prunella,Control,0.109375,0.2758032,0.2758032,0.030165975
2,1,806,416,5,Onobrychis,Roofed,0.0625,NA,0.4623,0.02889375
3,1,275,145,2,Lathyrus,Roofed,0.15625,0.181457864,0.181457864,0.028352791
6,1,381,201,4,Prunella,Control,0.0625,NA,0.4099,0.02561875
6,1,382,201,4,Prunella,Control,0.0625,NA,0.4099,0.02561875
6,1,436,227,4,Prunella,Control,0.0625,0.350786142,0.350786142,0.021924134
6,1,599,315,2,Prunella,Drought,0.0625,0.350786142,0.350786142,0.021924134
4,1,810,418,7,Onobrychis,Control,0.046875,NA,0.4623,0.021670313
6,1,133,59,1,Prunella,Drought,0.046875,NA,0.4099,0.019214063
3,1,264,138,14,Prunella,Drought,0.046875,NA,0.4099,0.019214063
6,1,891,455,3,Prunella,Control,0.15625,0.114623762,0.114623762,0.017909963
6,1,437,227,4,Prunella,Control,0.046875,0.350786142,0.350786142,0.0164431
4,1,125,55,3,Onobrychis,Drought,0.03125,NA,0.4623,0.014446875
4,1,129,56,3,Onobrychis,Roofed,0.0234375,0.555709302,0.555709302,0.013024437
1,1,259,135,6,Prunella,Roofed,0.03125,NA,0.4099,0.012809375
3,1,280,148,3,Prunella,Control,0.03125,0.2758032,0.2758032,0.00861885
4,1,848,435,3,Onobrychis,Roofed,0.015625,0.54122166,0.54122166,0.008456588
2,1,793,412,5,Onobrychis,Control,0.015625,0.49147371,0.49147371,0.007679277
4,1,122,54,4,Onobrychis,Control,0.015625,NA,0.4623,0.007223438
4,1,123,54,4,Onobrychis,Control,0.015625,NA,0.4623,0.007223438
2,1,802,415,7,Onobrychis,Roofed,0.015625,NA,0.4623,0.007223438
4,1,809,417,7,Onobrychis,Control,0.015625,0.306589745,0.306589745,0.004790465
